Position, Legal actions, Living ghosts, Ghost distances, Pac dots, Score
(12, 10), ['North', 'South', 'East', 'West', 'Stop'], [False, True, True, True, True], [11, 9, 5, 3], 1, 0 
(12, 11), ['North', 'South', 'East', 'West', 'Stop'], [False, True, True, True, True], [12, 8, 6, 2], 1, -1 
(12, 12), ['North', 'South', 'East', 'West', 'Stop'], [False, True, True, True, True], [13, 7, 7, 1], 1, -2 
(13, 12), ['North', 'South', 'East', 'West', 'Stop'], [False, True, True, True, False], [14, 8, 6, None], 1, 197 
(13, 11), ['North', 'South', 'East', 'West', 'Stop'], [False, True, True, True, False], [13, 9, 5, None], 1, 196 
(13, 10), ['North', 'South', 'East', 'West', 'Stop'], [False, True, True, True, False], [12, 10, 4, None], 1, 195 
(13, 9), ['North', 'South', 'East', 'West', 'Stop'], [False, True, True, True, False], [11, 11, 3, None], 1, 194 
(13, 8), ['North', 'South', 'East', 'West', 'Stop'], [False, True, True, True, False], [10, 12, 2, None], 1, 193 
(13, 7), ['North', 'South', 'East', 'West', 'Stop'], [False, True, True, True, False], [9, 13, 1, None], 1, 192 
(13, 6), ['North', 'South', 'East', 'West', 'Stop'], [False, True, True, False, False], [8, 14, None, None], 1, 391 
(12, 6), ['North', 'South', 'East', 'West', 'Stop'], [False, True, True, False, False], [7, 13, None, None], 1, 390 
(11, 6), ['North', 'South', 'East', 'West', 'Stop'], [False, True, True, False, False], [6, 12, None, None], 1, 389 
(10, 6), ['North', 'South', 'East', 'West', 'Stop'], [False, True, True, False, False], [5, 11, None, None], 1, 388 
(9, 6), ['North', 'South', 'East', 'West', 'Stop'], [False, True, True, False, False], [4, 10, None, None], 1, 387 
(8, 6), ['North', 'South', 'East', 'West', 'Stop'], [False, True, True, False, False], [3, 9, None, None], 1, 386 
(7, 6), ['North', 'South', 'East', 'West', 'Stop'], [False, True, True, False, False], [2, 8, None, None], 1, 385 
(6, 6), ['North', 'South', 'East', 'West', 'Stop'], [False, True, True, False, False], [1, 7, None, None], 1, 384 
(5, 6), ['North', 'South', 'East', 'West', 'Stop'], [False, False, True, False, False], [None, 6, None, None], 1, 583 
(4, 6), ['North', 'South', 'East', 'West', 'Stop'], [False, False, True, False, False], [None, 7, None, None], 1, 582 
(3, 6), ['North', 'South', 'East', 'West', 'Stop'], [False, False, True, False, False], [None, 8, None, None], 1, 581 
(2, 6), ['North', 'South', 'East', 'West', 'Stop'], [False, False, True, False, False], [None, 9, None, None], 1, 580 
(1, 6), ['North', 'South', 'East', 'Stop'], [False, False, True, False, False], [None, 10, None, None], 1, 579 
(1, 6), ['North', 'South', 'East', 'Stop'], [False, False, True, False, False], [None, 10, None, None], 1, 578 
(1, 5), ['North', 'South', 'East', 'Stop'], [False, False, True, False, False], [None, 11, None, None], 1, 577 
(1, 4), ['North', 'South', 'East', 'Stop'], [False, False, True, False, False], [None, 12, None, None], 1, 576 
(1, 3), ['North', 'East', 'Stop'], [False, False, True, False, False], [None, 13, None, None], 1, 575 
(1, 4), ['North', 'South', 'East', 'Stop'], [False, False, True, False, False], [None, 12, None, None], 1, 574 
(1, 5), ['North', 'South', 'East', 'Stop'], [False, False, True, False, False], [None, 11, None, None], 1, 573 
(1, 6), ['North', 'South', 'East', 'Stop'], [False, False, True, False, False], [None, 10, None, None], 1, 572 
(1, 7), ['North', 'South', 'East', 'Stop'], [False, False, True, False, False], [None, 9, None, None], 1, 571 
(1, 8), ['North', 'South', 'East', 'Stop'], [False, False, True, False, False], [None, 8, None, None], 1, 570 
(1, 9), ['South', 'East', 'Stop'], [False, False, True, False, False], [None, 7, None, None], 1, 569 
(1, 9), ['South', 'East', 'Stop'], [False, False, True, False, False], [None, 7, None, None], 1, 568 
(1, 9), ['South', 'East', 'Stop'], [False, False, True, False, False], [None, 7, None, None], 1, 567 
(2, 9), ['South', 'East', 'West', 'Stop'], [False, False, True, False, False], [None, 6, None, None], 1, 566 
(3, 9), ['South', 'East', 'West', 'Stop'], [False, False, True, False, False], [None, 5, None, None], 1, 565 
(4, 9), ['South', 'East', 'West', 'Stop'], [False, False, True, False, False], [None, 4, None, None], 1, 564 
(5, 9), ['South', 'East', 'West', 'Stop'], [False, False, True, False, False], [None, 3, None, None], 1, 563 
(6, 9), ['North', 'South', 'East', 'West', 'Stop'], [False, False, True, False, False], [None, 4, None, None], 1, 562 
(6, 10), ['North', 'South', 'East', 'Stop'], [False, False, True, False, False], [None, 3, None, None], 1, 561 
(6, 11), ['North', 'South', 'East', 'West', 'Stop'], [False, False, True, False, False], [None, 2, None, None], 1, 560 
(6, 12), ['North', 'South', 'East', 'West', 'Stop'], [False, False, True, False, False], [None, 1, None, None], 1, 559 
(12, 10), ['North', 'South', 'East', 'West', 'Stop'], [False, True, True, True, True], [11, 9, 5, 3], 1, 0 
(12, 11), ['North', 'South', 'East', 'West', 'Stop'], [False, True, True, True, True], [12, 8, 6, 2], 1, -1 
(12, 12), ['North', 'South', 'East', 'West', 'Stop'], [False, True, True, True, True], [13, 7, 7, 1], 1, -2 
(13, 12), ['North', 'South', 'East', 'West', 'Stop'], [False, True, True, True, False], [14, 8, 6, None], 1, 197 
(13, 11), ['North', 'South', 'East', 'West', 'Stop'], [False, True, True, True, False], [13, 9, 5, None], 1, 196 
(13, 10), ['North', 'South', 'East', 'West', 'Stop'], [False, True, True, True, False], [12, 10, 4, None], 1, 195 
(13, 9), ['North', 'South', 'East', 'West', 'Stop'], [False, True, True, True, False], [11, 11, 3, None], 1, 194 
(13, 8), ['North', 'South', 'East', 'West', 'Stop'], [False, True, True, True, False], [10, 12, 2, None], 1, 193 
(13, 7), ['North', 'South', 'East', 'West', 'Stop'], [False, True, True, True, False], [9, 13, 1, None], 1, 192 
(13, 6), ['North', 'South', 'East', 'West', 'Stop'], [False, True, True, False, False], [8, 14, None, None], 1, 391 
(12, 6), ['North', 'South', 'East', 'West', 'Stop'], [False, True, True, False, False], [7, 13, None, None], 1, 390 
(11, 6), ['North', 'South', 'East', 'West', 'Stop'], [False, True, True, False, False], [6, 12, None, None], 1, 389 
(10, 6), ['North', 'South', 'East', 'West', 'Stop'], [False, True, True, False, False], [5, 11, None, None], 1, 388 
(9, 6), ['North', 'South', 'East', 'West', 'Stop'], [False, True, True, False, False], [4, 10, None, None], 1, 387 
(8, 6), ['North', 'South', 'East', 'West', 'Stop'], [False, True, True, False, False], [3, 9, None, None], 1, 386 
(7, 6), ['North', 'South', 'East', 'West', 'Stop'], [False, True, True, False, False], [2, 8, None, None], 1, 385 
(6, 6), ['North', 'South', 'East', 'West', 'Stop'], [False, True, True, False, False], [1, 7, None, None], 1, 384 
(5, 6), ['North', 'South', 'East', 'West', 'Stop'], [False, False, True, False, False], [None, 6, None, None], 1, 583 
(4, 6), ['North', 'South', 'East', 'West', 'Stop'], [False, False, True, False, False], [None, 7, None, None], 1, 582 
(3, 6), ['North', 'South', 'East', 'West', 'Stop'], [False, False, True, False, False], [None, 8, None, None], 1, 581 
(2, 6), ['North', 'South', 'East', 'West', 'Stop'], [False, False, True, False, False], [None, 9, None, None], 1, 580 
(1, 6), ['North', 'South', 'East', 'Stop'], [False, False, True, False, False], [None, 10, None, None], 1, 579 
(2, 6), ['North', 'South', 'East', 'West', 'Stop'], [False, False, True, False, False], [None, 9, None, None], 1, 578 
(3, 6), ['North', 'South', 'East', 'West', 'Stop'], [False, False, True, False, False], [None, 8, None, None], 1, 577 
(4, 6), ['North', 'South', 'East', 'West', 'Stop'], [False, False, True, False, False], [None, 7, None, None], 1, 576 
(5, 6), ['North', 'South', 'East', 'West', 'Stop'], [False, False, True, False, False], [None, 6, None, None], 1, 575 
(6, 6), ['North', 'South', 'East', 'West', 'Stop'], [False, False, True, False, False], [None, 7, None, None], 1, 574 
(6, 7), ['North', 'South', 'East', 'West', 'Stop'], [False, False, True, False, False], [None, 6, None, None], 1, 573 
(6, 8), ['North', 'South', 'East', 'West', 'Stop'], [False, False, True, False, False], [None, 5, None, None], 1, 572 
(6, 9), ['North', 'South', 'East', 'West', 'Stop'], [False, False, True, False, False], [None, 4, None, None], 1, 571 
(6, 10), ['North', 'South', 'East', 'Stop'], [False, False, True, False, False], [None, 3, None, None], 1, 570 
(6, 11), ['North', 'South', 'East', 'West', 'Stop'], [False, False, True, False, False], [None, 2, None, None], 1, 569 
(6, 12), ['North', 'South', 'East', 'West', 'Stop'], [False, False, True, False, False], [None, 1, None, None], 1, 568 
